#,Team,GP,% Time,Poss / Game,Points,PPP,FGm,FGM,FGA,FG%,aFG%,%TO,%FT,%SF,%Score
1,Vaughn College Warriors,1,1.1%,1,0,0,0,0,0,-,-,100%,0%,0%,0%
2,Thomas (ME) Terriers,4,6%,5.5,2,0.364,3,0.5,3.5,14.3%,14.3%,22.7%,13.6%,9.1%,22.7%
3,Lesley Lynx,5,2.2%,1.6,0.6,0.375,0.8,0.2,1,20%,20%,25%,12.5%,12.5%,25%
4,Maine Farmington,7,2.4%,2.1,0.9,0.4,1.3,0.3,1.6,18.2%,27.3%,26.7%,0%,0%,13.3%
5,Husson,24,6.7%,6,2.6,0.441,3.2,0.9,4.1,22.4%,23.5%,19.6%,13.3%,7.7%,22.4%
6,Rust College Bearcats,7,1.9%,1.7,0.9,0.5,0.9,0.4,1.3,33.3%,33.3%,25%,0%,0%,25%
7,Randolph-Macon Yellow Jackets,26,6.3%,4.8,2.4,0.508,2.6,0.9,3.5,25.3%,27.5%,19.4%,7.3%,5.6%,24.2%
8,Colby-Sawyer Chargers,3,5.5%,5,2.7,0.533,3,1.3,4.3,30.8%,30.8%,6.7%,6.7%,0%,26.7%
9,Fitchburg State,6,2.1%,1.8,1,0.545,0.7,0.3,1,33.3%,33.3%,36.4%,9.1%,0%,27.3%
10,Catholic University Cardinals,25,2.6%,2.1,1.2,0.558,1,0.4,1.4,30.6%,30.6%,19.2%,13.5%,9.6%,28.8%
11,Farmingdale State Rams,26,4%,3.5,2,0.567,1.3,0.7,2,36.5%,38.5%,32.2%,14.4%,8.9%,27.8%
12,Mitchell College (CT) Mariners,9,4.3%,4.1,2.3,0.568,2.2,0.9,3.1,28.6%,28.6%,13.5%,13.5%,13.5%,29.7%
13,Southern Maine,13,5.1%,4.5,2.5,0.569,2.3,0.8,3.1,25%,25%,13.8%,17.2%,8.6%,29.3%
14,Rhodes College Lynx,26,0.8%,0.8,0.5,0.571,0.3,0.1,0.4,18.2%,18.2%,23.8%,28.6%,28.6%,28.6%
15,Transylvania University Pioneers,26,4.6%,3.9,2.2,0.574,1.9,0.8,2.7,29%,29.7%,17.8%,16.8%,10.9%,29.7%
16,Southern Vermont Mountaineers,6,7.2%,6.7,3.8,0.575,3,1.5,4.5,33.3%,33.3%,22.5%,10%,5%,30%
17,SUNY Cobleskill Fighting Tigers,11,3.6%,3,1.7,0.576,1.4,0.5,1.9,28.6%,31%,27.3%,12.1%,6.1%,27.3%
18,DeSales,27,4.5%,3.7,2.2,0.584,1.9,0.7,2.6,28.6%,30.7%,18.8%,11.9%,9.9%,29.7%
19,Morrisville State,16,3.9%,3.3,1.9,0.585,1.9,0.8,2.7,27.9%,30.2%,15.1%,5.7%,5.7%,26.4%
20,McDaniel Green Terror,24,4.7%,3.3,2,0.587,1.6,0.8,2.4,32.8%,34.5%,21.3%,8.8%,7.5%,28.8%
21,Keene State Owls,16,6.4%,5.8,3.4,0.587,2.5,1.3,3.8,33.3%,35%,25%,12%,6.5%,30.4%
22,Wisconsin-(La Crosse) Eagles,26,6.8%,5.2,3,0.59,2.2,0.9,3.1,29.6%,32.7%,27.6%,13.4%,6.7%,28.4%
23,Stevens (NJ) Ducks,26,4.4%,3.8,2.3,0.59,1.8,1,2.8,36.1%,36.8%,20%,9%,7%,31%
24,Cazenovia,12,5.5%,4.9,2.9,0.593,2.2,1.1,3.3,33.3%,35.9%,16.9%,20.3%,10.2%,28.8%
25,Roanoke Maroons,28,4.6%,3.6,2.2,0.598,1.8,0.9,2.7,32%,34%,19.6%,7.8%,5.9%,29.4%
26,UMass Boston Beacons,25,4.8%,4,2.4,0.6,1.9,0.7,2.6,27.3%,32.6%,21%,15%,9%,28%
27,Claremont-Mudd-Scripps Stags,25,6.1%,4.8,2.9,0.6,2.4,1,3.4,29.1%,30.8%,17.5%,13.3%,10.8%,29.2%
28,Ohio Wesleyan,28,4.2%,3.6,2.2,0.604,2.1,0.8,2.9,28.4%,29%,9.9%,10.9%,8.9%,30.7%
29,Saint Joseph's (ME) Monks,24,5.8%,4.8,2.9,0.605,2.4,1,3.4,28.4%,30.2%,14.9%,14.9%,9.6%,33.3%
30,Emmanuel (MA) Saints,22,3.9%,3.2,2,0.606,1.2,0.6,1.9,34.1%,36.6%,25.4%,18.3%,11.3%,32.4%
31,Grove City Wolverines,26,9.8%,7.7,4.7,0.607,3.9,1.6,5.5,28.9%,30.3%,16.9%,13.4%,12.4%,31.3%
32,Trine University Thunder,25,7.1%,5.9,3.6,0.608,2.9,1.3,4.2,31.4%,33.8%,21.6%,8.1%,5.4%,29.1%
33,Arcadia University Knights,29,5%,4.1,2.5,0.613,1.9,0.8,2.7,29.5%,30.8%,22.7%,17.6%,10.1%,29.4%
34,Cabrini Caveliers,29,6.3%,5.4,3.3,0.614,2.8,1.1,3.9,27.4%,29.2%,15.8%,14.6%,11.4%,29.7%
35,Tufts Jumbos,24,6.1%,5.3,3.3,0.617,3,1.3,4.3,29.1%,31.6%,11.7%,9.4%,6.3%,30.5%
36,Lancaster Bible Chargers,28,7.3%,6.3,3.9,0.617,3.1,1.3,4.4,28.7%,33.6%,20.6%,10.9%,9.1%,29.1%
37,US Merchant Marine Academy,8,3.1%,2.6,1.6,0.619,1.1,0.4,1.5,25%,29.2%,19%,23.8%,23.8%,38.1%
38,Salisbury Sea Gulls,27,4.5%,3.6,2.2,0.619,1.4,0.7,2.1,33.3%,33.3%,26.8%,16.5%,9.3%,32%
39,Greenville Panthers,18,0.7%,0.9,0.6,0.625,0.4,0.2,0.7,33.3%,33.3%,18.8%,6.3%,0%,31.3%
40,Wisconsin-(Stevens Point) Pointers,30,4.7%,3.3,2.1,0.633,1.5,0.8,2.2,34.3%,35.8%,21.4%,11.2%,5.1%,32.7%
41,Franklin Grizzlies,25,4.9%,3.9,2.5,0.633,2,0.9,2.9,30.6%,33.3%,15.3%,14.3%,10.2%,31.6%
42,Whitworth Pirates,29,7.7%,6.7,4.2,0.634,3.2,1.6,4.8,33.3%,36.6%,20.1%,10.3%,9.3%,30.4%
43,Methodist Monarchs,28,3.3%,3,1.9,0.639,1.4,0.7,2.1,32.8%,32.8%,19.3%,10.8%,8.4%,33.7%
44,Trinity (TX) Tigers,28,3.9%,3.3,2.1,0.645,1.3,0.7,2,33.9%,35.7%,23.7%,16.1%,14%,34.4%
45,York (PA) Spartans,30,6.3%,5.5,3.5,0.646,2.6,1.4,4,35.3%,36.6%,17.7%,12.2%,7.9%,32.9%
46,SUNY Delhi Broncos,12,3.1%,2.8,1.8,0.647,1.3,0.8,2,37.5%,37.5%,17.6%,14.7%,14.7%,35.3%
47,Rochester Institute of Technology Tigers,27,4.6%,3.8,2.4,0.647,2,1,3,32.9%,36%,14.7%,4.9%,3.9%,31.4%
48,Hope College Flying Dutchmen,27,5.9%,4.9,3.2,0.647,2.4,1.1,3.5,31.6%,32.6%,18.8%,16.5%,15%,30.8%
49,Millsaps Majors,28,5.3%,4.5,2.9,0.648,2.2,1,3.2,32.2%,33.9%,19.2%,11.2%,8.8%,32%
50,Texas-(Dallas) Comets,26,6.6%,5.5,3.6,0.65,2.3,1.1,3.5,32.2%,35%,23.1%,18.2%,13.3%,30.1%
51,Ramapo College RoadRunners,30,4.7%,3.9,2.5,0.65,2.1,1,3.1,33%,36.2%,15.4%,6%,5.1%,29.9%
52,Pennsylvania College of Technology Wildcats,9,2.9%,2.6,1.7,0.652,1.2,0.8,2,38.9%,38.9%,17.4%,4.3%,4.3%,34.8%
53,Wells,12,2.6%,2.4,1.6,0.655,1.3,0.5,1.8,27.3%,34.1%,6.9%,17.2%,10.3%,34.5%
54,Alfred State Pioneers,15,5.1%,4.5,2.9,0.657,2.3,1.2,3.5,34.6%,37.5%,11.9%,11.9%,9%,32.8%
55,Mount Aloysius Mounties,24,2%,1.6,1,0.658,0.8,0.3,1.1,26.9%,32.7%,15.8%,18.4%,5.3%,31.6%
56,Augsburg University Auggies,29,6.4%,5,3.3,0.658,2.4,1,3.4,29.6%,31.6%,19.9%,14.4%,12.3%,32.9%
57,SUNY Potsdam,25,9.6%,8.4,5.5,0.66,4,1.9,5.9,32.4%,34.5%,16.3%,14.8%,11.5%,33.5%
58,Western Connecticut State,15,4.5%,3.9,2.6,0.661,1.7,0.8,2.5,31.6%,32.9%,25.4%,16.9%,15.3%,30.5%
59,Trinity College (CT) Bantams,24,6.1%,5,3.3,0.661,2.1,1,3.1,32%,32.7%,20.7%,19%,14.9%,36.4%
60,Nazareth College Golden Flyers,27,7.4%,6.3,4.2,0.661,2.7,1.6,4.3,37.6%,39.7%,22.8%,9.4%,8.2%,33.3%
61,Minnesota Morris Cougars,27,3.3%,2.9,1.9,0.662,1.4,0.7,2.1,34.5%,37.9%,16.9%,7.8%,7.8%,32.5%
62,Allegheny Gators,25,3.1%,2.6,1.7,0.662,1.3,0.6,1.9,31.3%,33.3%,13.8%,13.8%,12.3%,33.8%
63,Oswego State Lakers,27,5%,3.9,2.6,0.663,2,1,3,33.8%,35.6%,16.3%,13.5%,13.5%,32.7%
64,Springfield (MA) Pride,30,6.4%,5.2,3.5,0.667,2.4,1.3,3.8,35.4%,36.3%,17.9%,11.5%,9%,34%
65,Hampden-Sydney Tigers,26,3.1%,2.7,1.8,0.667,1.3,0.6,2,31.4%,33.3%,17.4%,10.1%,5.8%,31.9%
66,Maryville (TN) Scots,29,5.3%,4.5,3,0.672,1.8,1.1,2.9,38.8%,40.6%,26%,11.5%,11.5%,34.4%
67,Swarthmore Garnet,31,3.2%,2.6,1.7,0.675,1.3,0.6,1.9,33.9%,37.3%,16.3%,12.5%,10%,32.5%
68,Occidental Tigers,25,7.9%,6,4.1,0.675,3.4,1.4,4.8,28.6%,32.4%,8.6%,15.2%,11.9%,32.5%
69,Mount St. Mary College Blue Knights,12,3.4%,2.6,1.8,0.677,0.9,0.7,1.6,42.1%,42.1%,22.6%,16.1%,9.7%,38.7%
70,MIT Engineers,32,9.6%,7.5,5.1,0.679,3.4,1.8,5.2,34.3%,36.4%,20%,13.8%,12.1%,33.3%
71,Williams College Ephs,29,5.5%,4.4,3,0.68,2.1,1,3.1,31.9%,34.1%,17.2%,14.1%,7.8%,32.8%
72,Rosemont Ravens,27,5.7%,4.6,3.1,0.68,2.1,1.1,3.3,34.8%,35.4%,16.8%,15.2%,14.4%,34.4%
73,Pitt Bradford Panthers,24,3.5%,3.1,2.1,0.68,1.5,0.8,2.3,33.3%,33.3%,17.3%,13.3%,10.7%,33.3%
74,Lehman,23,4.6%,4.2,2.9,0.68,2,1,3,34.8%,38.4%,19.6%,10.3%,8.2%,34%
75,Yeshiva Maccabees,11,4.5%,4,2.7,0.682,1.6,1.1,2.7,40%,43.3%,18.2%,15.9%,9.1%,34.1%
76,Wisconsin-(Whitewater) Warhawks,25,7%,5.3,3.6,0.684,2,1.2,3.3,37.8%,39%,25.6%,16.5%,13.5%,35.3%
77,Hamilton College,29,6.8%,6.1,4.2,0.684,2.7,1.3,4,33.3%,36.3%,20.3%,14.7%,12.4%,35%
78,Eureka Red Devils,22,4.5%,4.3,3,0.684,2.4,1.2,3.6,34.2%,37.3%,12.6%,6.3%,5.3%,32.6%
79,Mount Ida College Mustangs,14,6.8%,6.1,4.2,0.686,2.8,1.5,4.3,35%,36.7%,17.4%,17.4%,10.5%,34.9%
80,Amherst College Mammoths,25,5.7%,4.6,3.2,0.687,2.4,1,3.4,30.6%,35.3%,14.8%,12.2%,8.7%,32.2%
81,Carleton College Knights,26,7.1%,5.3,3.7,0.688,2.8,1.5,4.3,34.2%,35.6%,13%,9.4%,8%,33.3%
82,Buffalo State Bengals,24,4.2%,3.9,2.7,0.688,1.5,0.7,2.1,31.4%,33.3%,21.5%,25.8%,16.1%,34.4%
83,Regis College (MA) Pride,26,5.9%,5,3.4,0.69,2.3,1.2,3.6,34.4%,37.1%,17.8%,15.5%,13.2%,33.3%
84,Plattsburgh State Cardinals,29,5.5%,5,3.4,0.69,2.3,1.3,3.7,36.8%,37.7%,17.2%,14.5%,13.8%,34.5%
85,Dickinson (PA) Red Devils,26,4.2%,3.2,2.2,0.69,1.4,0.8,2.2,36.2%,37.9%,17.9%,14.3%,10.7%,35.7%
86,Buena Vista Beavers,27,6.5%,5.4,3.7,0.69,2.8,1.3,4.1,30.9%,33.6%,11%,15.2%,11.7%,33.8%
87,Baruch Bearcats,27,7.3%,5.7,4,0.69,2.3,1.4,3.7,37%,40%,24.5%,12.3%,8.4%,33.5%
88,Lawrence,15,4.4%,3.7,2.5,0.691,1.4,0.9,2.3,38.2%,39.7%,27.3%,14.5%,9.1%,34.5%
89,Webster University,19,2.5%,2.1,1.4,0.692,1.2,0.6,1.8,32.4%,35.3%,10.3%,5.1%,5.1%,30.8%
90,Carthage Red Men,25,4.4%,3.5,2.4,0.693,1.7,1,2.7,35.8%,38.1%,19.3%,9.1%,9.1%,31.8%
91,Colorado Tigers,26,3.9%,3.2,2.2,0.695,1.7,0.9,2.6,34.3%,36.6%,8.5%,13.4%,9.8%,34.1%
92,Rockford Regents,27,4.1%,3.7,2.6,0.697,1.7,1,2.7,37%,39.7%,18.2%,12.1%,11.1%,34.3%
93,Rochester (NY) Yellowjackets,25,3.1%,2.5,1.8,0.698,1,0.6,1.6,38.5%,42.3%,22.2%,17.5%,9.5%,34.9%
94,Washington & Jefferson Presidents,25,5%,4.1,2.9,0.699,2.1,1.2,3.2,35.8%,38.9%,12.6%,10.7%,6.8%,34%
95,Sage Colleges,20,4.1%,3.6,2.5,0.704,1.5,0.9,2.4,36.2%,38.3%,21.1%,14.1%,9.9%,36.6%
96,Hanover Panthers,29,7.4%,5.5,3.9,0.704,3,1.6,4.5,34.4%,36.6%,11.3%,6.9%,5.7%,34%
97,Beloit Buccaneers,19,6.5%,5.2,3.6,0.704,2.2,1.2,3.3,34.9%,35.7%,21.4%,16.3%,10.2%,36.7%
98,Aurora University,29,5.8%,4.9,3.5,0.706,2.4,1.1,3.6,31.7%,33.7%,14%,14.7%,11.9%,35.7%
99,Brockport Golden Eagles,26,6.3%,5.7,4,0.707,2.6,1.3,3.9,34.3%,36.3%,15%,19%,15.6%,36.7%
100,Bethany Lutheran College,30,6%,5,3.6,0.709,2.5,1.2,3.8,32.7%,34.5%,12.6%,14.6%,13.2%,36.4%
101,Pine Manor,14,5%,4.7,3.4,0.712,1.8,1.2,3,40.5%,46.4%,25.8%,10.6%,10.6%,36.4%
102,Adrian,27,8.4%,6.6,4.7,0.712,3,1.7,4.6,36%,39.2%,18.1%,13%,8.5%,35%
103,Staten Island Dolphins,28,7.7%,7,5,0.713,3.3,1.8,5.1,35.4%,37.5%,13.3%,13.8%,9.2%,36.9%
104,Wilson,17,5.1%,4.5,3.2,0.714,2.1,1.2,3.3,37.5%,37.5%,16.9%,10.4%,9.1%,37.7%
105,Messiah,26,5.8%,4.6,3.3,0.714,2.1,1,3.1,33.3%,38.3%,20.2%,12.6%,10.1%,32.8%
106,Augustana (IL) Vikings,31,7.8%,6.4,4.6,0.714,3.4,1.4,4.8,29.7%,33.8%,13.6%,13.6%,10.1%,33.7%
107,Washington and Lee Generals,27,7.3%,6.4,4.6,0.715,3.4,1.6,5,32.6%,34.8%,12.8%,12.2%,9.3%,33.7%
108,St. John Fisher Cardinals,25,6.2%,5.1,3.6,0.717,2.2,1.1,3.3,34.1%,35.4%,16.5%,20.5%,15%,37.8%
109,Wesleyan (CT),28,5.6%,4.7,3.4,0.718,2.3,1.2,3.5,35.1%,37.6%,16.8%,12.2%,9.2%,33.6%
110,Dean College Bulldogs,8,8.3%,7.1,5.1,0.719,2.9,1.6,4.5,36.1%,40.3%,22.8%,15.8%,12.3%,35.1%
111,Principia Panthers,14,4.3%,3.6,2.6,0.72,1.5,1,2.5,40%,42.9%,16%,16%,12%,36%
112,PennState-Harrisburg,25,6.2%,5.2,3.7,0.721,2.1,1.2,3.3,35.4%,35.4%,17.1%,20.2%,15.5%,38.8%
113,PennState-Abington,13,3.7%,3.3,2.4,0.721,1.5,0.8,2.3,36.7%,41.7%,16.3%,20.9%,16.3%,34.9%
114,Albertus Magnus Falcons,27,5.8%,5.2,3.7,0.721,2.1,1.4,3.6,39.6%,40.6%,17.9%,14.3%,11.4%,37.1%
115,Washington (St. Louis) Bears,26,6.3%,5.3,3.8,0.723,2.2,1.4,3.6,39.8%,44.6%,24.1%,8.8%,5.8%,34.3%
116,Lasell,27,4.2%,3.5,2.5,0.723,1.7,0.9,2.6,34.3%,36.4%,12.8%,16%,11.7%,34%
117,Wisconsin-(Superior) Yellowjackets,27,3.9%,2.8,2,0.724,1.4,0.8,2.2,37.3%,38.1%,14.5%,11.8%,10.5%,35.5%
118,Christopher Newport Captains,29,5%,4.1,3,0.725,2.1,1.2,3.3,36.1%,37.1%,10.8%,10.8%,10.8%,36.7%
119,Medgar Evers Cougars,18,4.3%,4.1,2.9,0.726,1.6,1,2.6,38.3%,38.3%,21.9%,15.1%,9.6%,37%
120,Thomas More Saints,28,4.9%,3.5,2.6,0.727,1.8,1,2.8,34.6%,38.5%,13.1%,8.1%,6.1%,35.4%
121,Johnson & Wales (RI) University Wildcats,20,7%,6.1,4.4,0.727,2.8,1.6,4.4,36.8%,38.5%,14%,19%,14.9%,39.7%
122,Lebanon Valley,28,5.2%,4.5,3.3,0.728,2.2,1.2,3.4,35.1%,39.4%,16.8%,10.4%,8%,33.6%
123,Rensselaer Polytechnic,25,5.5%,4.3,3.1,0.729,1.7,1.2,2.9,41.7%,43.8%,22.4%,11.2%,10.3%,36.4%
124,Stevenson Mustangs,25,5.9%,5.1,3.7,0.732,2.2,1.3,3.5,37.5%,39.8%,18.9%,12.6%,8.7%,37%
125,John Carroll University Blue Streaks,31,7.8%,7.4,5.4,0.732,3.6,1.9,5.5,33.9%,37.1%,13.6%,13.2%,10.5%,35.1%
126,Roger Williams Hawks,27,5.6%,4.9,3.6,0.733,2.3,1.3,3.6,36.7%,39.8%,16%,9.9%,7.6%,35.9%
127,Hamline Pipers,25,6%,4.7,3.5,0.737,2.4,1.4,3.8,36.5%,39.6%,12.7%,8.5%,6.8%,34.7%
128,Greensboro College The Pride,28,3.6%,3.4,2.5,0.737,1.4,0.8,2.1,35%,35%,16.8%,23.2%,18.9%,38.9%
129,Elms,4,5.3%,4.8,3.5,0.737,1.8,1.5,3.3,46.2%,50%,26.3%,10.5%,10.5%,36.8%
130,Middlebury College,27,5.6%,5,3.7,0.739,2.7,1.4,4,33.9%,36.2%,10.4%,10.4%,8.2%,35.1%
131,Mary Washington Eagles,27,4.9%,4.1,3,0.739,1.7,1.1,2.7,39.2%,41.9%,18.9%,16.2%,11.7%,36.9%
132,Guilford College Quakers,27,3.8%,3,2.2,0.741,1.5,0.6,2.1,29.3%,32.8%,12.3%,17.3%,12.3%,37%
133,UC Santa Cruz Banana Slugs,25,7.4%,6.2,4.6,0.742,2.9,1.7,4.6,37.4%,38.7%,16.1%,10.3%,7.1%,37.4%
134,LaGrange Panthers,25,4%,3.7,2.8,0.742,1.6,0.9,2.5,36.5%,40.5%,19.4%,14%,12.9%,36.6%
135,Rutgers-Camden Scarlet Raptors,22,3.3%,2.9,2.1,0.746,1.1,0.7,1.9,39%,40.2%,20.6%,14.3%,9.5%,38.1%
136,Suffolk Rams,17,5.9%,4.6,3.5,0.747,1.9,1.4,3.3,41.1%,42.9%,19%,12.7%,10.1%,39.2%
137,Chatham University Cougars,25,6.5%,5.1,3.8,0.748,2.1,1.5,3.6,41.6%,42.7%,18.9%,14.2%,11%,38.6%
138,Wentworth Leopards,26,3.8%,3.1,2.3,0.75,1.4,0.8,2.2,36.8%,39.5%,15%,18.8%,11.3%,37.5%
139,Union (NY) Dutchmen,27,4.3%,3.7,2.8,0.75,1.7,1,2.7,37.8%,40.5%,15%,12%,11%,39%
140,SUNY Maritime Privateers,8,4.6%,4,3,0.75,1.8,1,2.8,36.4%,36.4%,12.5%,21.9%,15.6%,37.5%
141,Hardin-Simmons Cowboys,26,6.1%,5.5,4.2,0.75,2.3,1.5,3.8,38.4%,42.9%,18.8%,13.9%,13.2%,36.8%
142,Green Mountain,4,5.8%,5,3.8,0.75,2.8,1.5,4.3,35.3%,35.3%,5%,15%,15%,40%
143,Franklin & Marshall Diplomats,29,6.6%,5.3,4,0.753,2,1.3,3.3,38.9%,41.6%,23.4%,16.2%,10.4%,37.7%
144,D'Youville,23,3.8%,3.5,2.7,0.753,1.6,1,2.5,37.9%,40.5%,16%,12.3%,7.4%,38.3%
145,Franciscan University of Steubenville Barons,26,4.4%,3.6,2.7,0.755,1.4,0.8,2.2,36.2%,37.1%,17%,22.3%,19.1%,42.6%
146,Illinois Tech Scarlet Hawks,19,6.6%,5.2,3.9,0.758,2.6,1.3,3.9,33.3%,38.7%,9.1%,16.2%,11.1%,36.4%
147,Chapman University Panthers,26,6.2%,4.8,3.6,0.758,2.5,1.2,3.7,33.3%,38%,11.3%,11.3%,8.1%,36.3%
148,PennState-Behrend,29,6.4%,4.7,3.6,0.759,1.7,1.3,3,44.2%,46.5%,26.3%,15.3%,13.9%,36.5%
149,Brooklyn Bulldogs,22,6.4%,5.3,4,0.759,2.5,1.5,4,37.1%,40.4%,13.8%,11.2%,10.3%,36.2%
150,North Carolina Wesleyan Battling Bishops,29,3.5%,3.3,2.5,0.76,1.2,0.8,2,38.6%,40.4%,26%,17.7%,13.5%,37.5%
151,Lake Forest Foresters,17,6.7%,5.2,3.9,0.761,2.5,1.2,3.7,33.3%,36.5%,13.6%,14.8%,13.6%,37.5%
152,St. Scholastica Saints,26,5.1%,4,3.1,0.762,1.8,1.2,3,39.7%,41.7%,13.3%,13.3%,11.4%,40%
153,Misericordia,25,5.8%,4.9,3.7,0.762,2.3,1.2,3.5,34.5%,35.6%,13.9%,17.2%,13.9%,37.7%
154,Hunter College Hawks,24,2.1%,1.8,1.3,0.762,0.9,0.5,1.3,34.4%,37.5%,14.3%,14.3%,11.9%,33.3%
155,Denison (OH) Big Red,27,5.7%,4.5,3.4,0.762,2.2,1.3,3.5,37.9%,41.6%,14.8%,9%,7.4%,36.9%
156,Westminster (MO) Blue Jays,18,6.4%,5.4,4.1,0.763,2.3,1.7,4,41.7%,43.1%,18.6%,7.2%,5.2%,38.1%
157,St. Thomas (MN) Tommies,26,6.5%,5,3.8,0.763,2.4,1.6,4,39.8%,41.7%,11.5%,11.5%,9.2%,38.9%
158,Lycoming College Warriors,26,4.2%,3.7,2.8,0.763,1.5,0.9,2.3,37.7%,41.8%,21.6%,17.5%,14.4%,39.2%
159,Gustavus Adolphus,24,4.9%,3.7,2.8,0.764,1.6,1,2.6,38.7%,40.3%,19.1%,13.5%,9%,38.2%
160,Western New Eng.,26,5.2%,4.6,3.5,0.765,2,1,3,32.9%,35.4%,16%,18.5%,10.9%,38.7%
161,Worcester Polytechnic Engineers,28,8.2%,6.4,4.9,0.767,2.6,1.8,4.4,39.8%,43.5%,20%,13.9%,10.6%,36.1%
162,University of Dallas,24,5.7%,5,3.8,0.767,1.9,1.5,3.4,43.2%,46.3%,23.3%,11.7%,8.3%,35.8%
163,Hilbert Hawks,26,5.4%,4.6,3.5,0.767,2.2,1.2,3.4,35.2%,38.1%,11.7%,17.5%,15.8%,39.2%
164,Gordon College,28,5.1%,4.8,3.6,0.767,2.4,1.5,3.9,38.5%,42.7%,14.3%,6%,6%,35.3%
165,Cornell College Rams,14,3.8%,3.1,2.4,0.767,1.9,0.8,2.7,28.9%,28.9%,0%,14%,9.3%,37.2%
166,Bridgewater College Eagles,28,4.9%,4.3,3.3,0.767,2,1,3,32.5%,34.3%,12.5%,20.8%,13.3%,38.3%
167,Waynesburg,26,5.2%,4.5,3.5,0.769,2,1.1,3,35.4%,41.1%,17.9%,16.2%,11.1%,37.6%
168,Gwynedd Mercy University Griffins,26,5%,4.2,3.2,0.769,2.3,1.2,3.5,33.3%,36.7%,7.4%,11.1%,10.2%,37%
169,Bethany (WV),30,5.4%,4.5,3.4,0.769,2.1,1.2,3.3,37%,38.5%,13.4%,17.2%,14.9%,36.6%
170,Benedictine (IL) Eagles,26,5.4%,4.5,3.5,0.769,2.2,1.2,3.3,34.9%,37.2%,12%,14.5%,12%,39.3%
171,Linfield College Wildcats,27,6.7%,5.5,4.2,0.77,2.4,1.5,4,38.3%,41.1%,16.2%,14.2%,11.5%,36.5%
172,Immaculata,24,4.8%,4.2,3.2,0.77,1.7,1.3,2.9,42.9%,44.3%,21%,10%,8%,39%
173,UMass Dartmouth,13,7.2%,6.4,4.9,0.771,3.4,2,5.4,37.1%,39.3%,9.6%,9.6%,8.4%,36.1%
174,SUNY Geneseo Knights,26,6.7%,5.4,4.2,0.771,2.4,1.5,4,38.8%,41.3%,12.9%,15.7%,12.9%,39.3%
175,St. Olaf Oles,28,6.3%,4.7,3.6,0.771,2.2,1.2,3.4,35.8%,40%,17.6%,12.2%,8.4%,35.9%
176,Centre (KY) Praying Colonels,26,4.9%,3.9,3,0.772,1.6,1.1,2.7,40.8%,45.1%,19.8%,11.9%,11.9%,38.6%
177,Massachusetts College of Liberal Arts (MCLA),8,3.1%,2.8,2.1,0.773,1.3,0.5,1.8,28.6%,28.6%,13.6%,31.8%,18.2%,36.4%
178,Framingham State Rams,9,3.2%,2.4,1.9,0.773,1.1,0.8,1.9,41.2%,41.2%,13.6%,18.2%,13.6%,40.9%
179,Babson Beavers,26,9%,7.5,5.8,0.773,3.3,2.4,5.7,41.6%,44.6%,17.5%,7.2%,6.7%,37.1%
180,Nebraska Wesleyan Prairie Wolves,34,5.8%,5.1,3.9,0.775,1.8,1.2,3.1,40.4%,44.2%,20.8%,20.8%,15.6%,39.3%
181,Anna Maria AMCATS,18,4.1%,3.2,2.5,0.776,1.2,0.8,2.1,40.5%,43.2%,22.4%,15.5%,13.8%,39.7%
182,Northland College Lumberjacks,27,7%,5.3,4.1,0.778,2.5,1.5,4,38%,40.3%,14.6%,12.5%,7.6%,38.2%
183,Calvin Knights,26,4.7%,3.8,3,0.778,2,0.8,2.8,29.7%,31.1%,8.1%,20.2%,14.1%,39.4%
184,Eastern Eagles,26,3.7%,3.2,2.5,0.78,1.5,0.8,2.3,36.7%,38.3%,11%,17.1%,17.1%,40.2%
185,Willamette Bearcats,25,6.9%,5.7,4.4,0.782,2.4,1.6,4.1,40.2%,42.6%,17.6%,12%,9.9%,38%
186,Earlham College Quakers,25,6.9%,5.7,4.4,0.782,1.9,1.4,3.3,41.5%,42.7%,23.2%,20.4%,14.8%,39.4%
187,Saint Elizabeth Eagles,12,4.1%,3.8,3,0.783,1.6,1.2,2.8,42.4%,42.4%,10.9%,17.4%,13%,41.3%
188,Mount St. Vincent Dolphins,11,5.1%,4.2,3.3,0.783,1.5,1.2,2.7,43.3%,45%,21.7%,15.2%,10.9%,41.3%
189,Wheaton (IL),26,4.6%,3.7,2.9,0.784,1.9,1,2.9,35.5%,37.5%,11.3%,11.3%,10.3%,38.1%
190,Wartburg Knights,26,5.9%,4.8,3.8,0.786,2,1.4,3.4,42%,46.6%,21.4%,14.3%,11.9%,36.5%
191,Castleton,4,7.7%,7,5.5,0.786,3.3,2.3,5.5,40.9%,43.2%,14.3%,7.1%,7.1%,39.3%
192,Whitman Blues,31,6%,5.8,4.6,0.789,2.4,1.8,4.3,43.2%,45.5%,18.9%,10.6%,9.4%,38.9%
193,Stockton University,25,5.5%,4.6,3.6,0.789,2,1.3,3.4,39.3%,39.9%,14%,14.9%,9.6%,41.2%
194,Juniata,29,7.9%,6.2,4.9,0.789,2.5,1.8,4.3,42.4%,43.6%,17.2%,15%,10%,40.6%
195,Vassar Brewers,26,3.2%,2.6,2,0.791,1.2,0.9,2,43.4%,45.3%,13.4%,11.9%,10.4%,38.8%
196,Wisconsin-(Platteville) Pioneers,29,6.4%,5,3.9,0.792,2.2,1.3,3.5,38.2%,40.7%,13.9%,16.7%,14.6%,40.3%
197,Bethel University (MN) Royals,28,5.2%,4,3.1,0.793,2,1.2,3.2,36.7%,42.2%,11.7%,8.1%,7.2%,35.1%
198,Connecticut College Camels,23,5.3%,4.4,3.5,0.794,1.9,1.3,3.2,41.1%,47.3%,15.7%,13.7%,11.8%,36.3%
199,Wesley Wolverines,26,3.2%,2.8,2.2,0.795,1.1,0.7,1.8,37%,39.1%,17.8%,24.7%,15.1%,39.7%
200,Concordia (WI) Falcons,27,6.4%,5.6,4.4,0.795,2.5,1.6,4.1,39.3%,42%,13.9%,13.2%,9.3%,41.1%
201,Sul Ross State Lobos,29,5.7%,5.1,4,0.796,2.1,1.4,3.6,40.4%,42.3%,19%,13.6%,10.9%,38.1%
202,Millikin Big Blue,24,5.8%,4.5,3.6,0.796,1.8,1.3,3,41.1%,45.2%,20.4%,15.7%,11.1%,38%
203,La Roche Redhawks,27,6.2%,5.1,4.1,0.797,2.2,1.4,3.7,39.4%,42.4%,15.9%,14.5%,13%,39.1%
204,Southern Virginia Knights,25,4.5%,3.8,3,0.798,1.8,1.1,2.9,37.5%,37.5%,11.7%,17%,14.9%,39.4%
205,Johns Hopkins Blue Jays,29,6.3%,4.8,3.9,0.8,2.3,1.5,3.8,38.7%,40.5%,13.6%,11.4%,10%,37.9%
206,Neumann Knights,31,5%,4.4,3.5,0.801,2.2,1.3,3.5,37.4%,39.3%,9.6%,13.2%,9.6%,39.7%
207,Westminster (PA) Titans,27,6%,4.9,4,0.805,2.1,1.4,3.6,40.6%,42.7%,15.8%,15.8%,12%,39.8%
208,Pacific University Boxers,25,5.4%,4.7,3.8,0.805,2.4,1.6,3.9,39.8%,39.8%,10.2%,8.5%,8.5%,39.8%
209,Utica,27,6.1%,5,4,0.806,2.6,1.3,3.9,32.7%,34.1%,7.5%,19.4%,14.2%,38.8%
210,Colby Mules,24,6.7%,6,4.8,0.806,2.9,1.7,4.6,37.3%,41.4%,12.5%,12.5%,9.7%,38.2%
211,Sarah Lawrence College Gryphons,22,4.4%,3.8,3,0.807,1.5,1.2,2.8,44.3%,47.5%,19.3%,9.6%,7.2%,38.6%
212,East Mennonite Royals,27,4.9%,4.2,3.4,0.807,1.7,1.3,3,42.7%,45.1%,17.5%,14.9%,12.3%,39.5%
213,MacMurray College Highlanders,21,3.7%,3.2,2.6,0.809,1.4,1,2.4,41.2%,45.1%,13.2%,11.8%,7.4%,39.7%
214,Hiram Terriers,26,3.4%,2.6,2.1,0.809,1,0.8,1.7,44.4%,46.7%,20.6%,13.2%,11.8%,41.2%
215,Drew Rangers,26,5%,4.2,3.4,0.809,1.8,1.2,3,40.3%,42.2%,17.3%,14.5%,10%,40%
216,Rowan University,27,5.3%,5.1,4.1,0.81,2.3,1.5,3.8,40.2%,44.1%,16.1%,13.1%,10.2%,38%
217,Montclair State,25,7.9%,6.7,5.4,0.81,3.4,1.9,5.3,36.1%,40.6%,11.9%,10.7%,10.1%,37.5%
218,Howard Payne Yellow Jackets,28,4.7%,4.3,3.5,0.81,1.6,0.9,2.5,35.7%,37.1%,14%,33.1%,24%,45.5%
219,Rose-Hulman,27,4%,3.1,2.6,0.812,1.4,1,2.4,43.1%,43.8%,12.9%,12.9%,8.2%,41.2%
220,Hendrix College,30,4.2%,3.8,3.1,0.814,1.5,1,2.4,39.7%,42.5%,19.5%,20.4%,17.7%,40.7%
221,Finlandia Lions,14,4.6%,3.9,3.1,0.815,1.8,1.4,3.1,43.2%,44.3%,13%,9.3%,9.3%,40.7%
222,Case Western Reserve Spartans,25,3.8%,3.2,2.6,0.815,1.8,1,2.8,37.1%,43.6%,9.9%,8.6%,8.6%,35.8%
223,Birmingham Southern College Panthers,27,3.4%,3,2.4,0.815,1.6,0.9,2.5,37.3%,43.3%,11.1%,9.9%,8.6%,35.8%
224,Piedmont Lions,28,3.6%,3.1,2.5,0.816,1.4,0.8,2.2,35.5%,36.3%,13.8%,23%,16.1%,41.4%
225,Brandeis Judges,25,4.2%,3.5,2.8,0.816,1.3,1.1,2.4,45%,48.3%,23%,12.6%,9.2%,39.1%
226,Ferrum Panthers,26,2.8%,2.3,1.9,0.817,1,0.8,1.8,42.6%,43.6%,15%,8.3%,8.3%,40%
227,Wisconsin-(Oshkosh) Titans,33,6.9%,5.2,4.2,0.819,2.3,1.7,4,42.1%,43.6%,15.8%,9.9%,8.2%,39.2%
228,Berry College Vikings,28,3.9%,3.6,2.9,0.82,1.5,1.1,2.6,43.8%,45.9%,17%,11%,10%,40%
229,Caltech Beavers,25,4.9%,4,3.3,0.822,1.6,1.2,2.8,42.9%,45%,16.8%,13.9%,11.9%,42.6%
230,Albright Lions,26,7.9%,7.2,5.9,0.823,3,2.3,5.3,43.1%,45.3%,15.1%,12.4%,9.7%,39.8%
231,Wheaton (MA) Lyons,26,6.9%,5.5,4.5,0.824,2.5,1.8,4.3,42%,46.4%,14.8%,9.9%,8.5%,37.3%
232,Fairleigh Dickinson - Florham Devils,23,3.5%,3,2.4,0.824,1.1,1,2.1,46.9%,49%,16.2%,13.2%,11.8%,42.6%
233,Eastern Nazarene College Lions,24,4.6%,3.8,3.1,0.824,1.6,1,2.5,37.7%,42.6%,17.6%,17.6%,12.1%,38.5%
234,North Central (IL) College Cardinals,28,7.8%,5.9,4.9,0.825,3,1.8,4.8,37%,40.7%,9%,10.2%,7.2%,39.2%
235,Wilkes,27,5.6%,4.5,3.7,0.826,1.9,1.4,3.3,42.7%,47.2%,18.2%,10.7%,9.1%,38.8%
236,Heidelberg,25,5.3%,4.6,3.8,0.826,2.2,1.2,3.4,35.3%,41.8%,13.9%,14.8%,11.3%,37.4%
237,Dominican (IL) Stars,25,4.4%,3.7,3,0.826,1.5,1.2,2.7,44.8%,46.3%,18.5%,15.2%,13%,39.1%
238,East Texas Baptist Tigers,29,8.6%,8,6.6,0.827,3.8,2.3,6,37.7%,41.1%,10.8%,15.6%,13%,40.7%
239,New York University Violets,24,5.9%,5.1,4.2,0.828,2.5,1.6,4.1,39.8%,43.4%,11.5%,8.2%,4.9%,40.2%
240,Covenant College Scots,28,7.3%,6.7,5.5,0.829,2.4,2,4.4,46%,48%,19.3%,17.6%,16.6%,42.2%
241,Centenary University Cyclones,24,5.9%,4.7,3.9,0.83,1.8,1.4,3.3,43.6%,46.2%,15.2%,17.9%,14.3%,41.1%
242,York (NY) Cardinals,18,4.8%,4.3,3.6,0.831,1.9,1.1,2.9,35.8%,41.5%,15.6%,16.9%,10.4%,39%
243,Muhlenberg Mules,25,4%,3.3,2.8,0.831,1.4,1,2.4,40%,43.3%,18.1%,14.5%,13.3%,37.3%
244,Belhaven Blazers,25,3%,2.8,2.4,0.831,1,0.9,1.9,45.8%,47.9%,14.1%,21.1%,15.5%,40.8%
245,Salem State Vikings,12,5.6%,5,4.2,0.833,1.9,1.8,3.8,48.9%,53.3%,23.3%,3.3%,3.3%,38.3%
246,Pacific Lutheran Lutes,24,5.5%,4.8,4,0.833,1.8,1.2,3,40.3%,44.4%,18.4%,18.4%,14%,42.1%
247,New England Col.,8,4.9%,4.5,3.8,0.833,1.9,1.4,3.3,42.3%,46.2%,16.7%,13.9%,8.3%,38.9%
248,Carroll (WI) Pioneers,25,6.4%,4.8,4,0.833,1.7,1.3,3,43.4%,48.7%,22.5%,18.3%,15%,40%
249,Monmouth (IL),18,5.6%,4.4,3.7,0.835,1.9,1.4,3.3,41.7%,45%,10.1%,17.7%,11.4%,39.2%
250,Spalding Golden Eagles,17,4.1%,3.2,2.7,0.836,1.4,1.1,2.5,44.2%,48.8%,14.5%,10.9%,9.1%,38.2%
251,Clarkson University Golden Knights,25,3.6%,2.9,2.4,0.836,1.2,0.6,1.8,35.6%,37.8%,16.4%,24.7%,17.8%,42.5%
252,Wisconsin-(River Falls) Falcons,27,6.4%,4.8,4,0.837,1.9,1.5,3.4,44%,46.7%,17.1%,14%,13.2%,43.4%
253,Thiel,25,6.9%,5.6,4.7,0.837,2.2,1.6,3.8,41.5%,44.1%,14.9%,22%,18.4%,41.8%
254,Randolph College Wildcats,26,4.6%,3.8,3.2,0.837,1.6,1.1,2.7,40.8%,44.4%,17.3%,14.3%,10.2%,39.8%
255,Chicago Maroons,25,4%,3.2,2.7,0.837,1.4,1.1,2.5,43.5%,44.4%,13.8%,10%,7.5%,41.3%
256,Anderson (IN) Ravens,27,7.4%,6.1,5.1,0.837,2.4,2,4.4,45.8%,47.5%,16.9%,15.1%,9%,41.6%
257,Luther,25,5.5%,4.4,3.7,0.838,1.8,1.4,3.2,43.2%,47.5%,18%,12.6%,9.9%,37.8%
258,Lakeland (WI) Muskies,26,7.8%,7.1,6,0.838,3,2.3,5.3,43.2%,44.6%,15.1%,11.9%,9.2%,41.6%
259,Delaware Valley,25,4.8%,4,3.3,0.838,1.5,1,2.5,41.3%,42.9%,19.2%,19.2%,16.2%,42.4%
260,Fontbonne Griffins,16,3.6%,3.5,2.9,0.839,1.4,1.1,2.4,43.6%,44.9%,12.5%,19.6%,17.9%,46.4%
261,SUNY New Paltz Hawks,25,5.5%,4.8,4,0.84,2.1,1.4,3.5,39.1%,42.5%,13.4%,17.6%,13.4%,40.3%
262,Marian University (WI) Sabres,25,4.6%,3.8,3.2,0.84,1.5,1.2,2.6,43.9%,47%,20.2%,13.8%,10.6%,40.4%
263,Bridgewater State Bears,9,3.4%,2.8,2.3,0.84,1.2,0.8,2,38.9%,47.2%,20%,8%,8%,36%
264,Scranton Royals,25,6.6%,5,4.2,0.841,2.1,1.8,3.9,45.4%,47.4%,16.7%,8.7%,6.3%,41.3%
265,Plymouth State Panthers,13,7.3%,6.3,5.3,0.841,2.8,1.8,4.5,39%,41.5%,13.4%,19.5%,15.9%,40.2%
266,Endicott College Gulls,28,5.1%,4.5,3.8,0.841,2,1.4,3.4,40.6%,42.7%,11.9%,12.7%,10.3%,42.9%
267,Clark MA Cougars,23,5.8%,5,4.2,0.842,2,1.4,3.4,41%,43.6%,15.8%,18.4%,14%,43%
268,Saint Mary's (MN) Cardinals,27,3.7%,3.1,2.6,0.845,1.1,1,2.1,47.4%,48.2%,16.7%,17.9%,13.1%,44%
269,New Jersey City Knights,28,5.7%,4.6,3.9,0.845,1.9,1.4,3.3,41.9%,44.1%,17.1%,14.7%,11.6%,41.1%
270,Emerson College Lions,26,4.6%,3.7,3.2,0.845,1.8,1.2,3,39.2%,43.7%,10.3%,9.3%,8.2%,40.2%
271,Milwaukee School of Engineering,26,7.5%,6,5.1,0.846,2.4,2,4.5,45.7%,48.7%,16.7%,11.5%,7.7%,41%
272,Ithaca College,25,6.7%,6,5,0.846,2.7,1.6,4.3,37.4%,41.6%,14.8%,17.4%,14.8%,39.6%
273,Cairn Highlanders,26,4.2%,3.5,3,0.846,1.5,1,2.5,40%,43.8%,12.1%,18.7%,17.6%,40.7%
274,Brevard College Tornados,25,6.1%,5.2,4.4,0.847,1.8,1.4,3.1,43.6%,46.2%,22.1%,23.7%,20.6%,42%
275,Ripon Redhawks,25,5.7%,4.5,3.8,0.848,1.8,1.3,3.1,42.3%,44.2%,14.3%,17%,14.3%,42.9%
276,Elmira,24,4.7%,4.1,3.5,0.848,1.8,1.5,3.3,44.9%,46.8%,12.1%,10.1%,6.1%,41.4%
277,Marywood Pacers,26,6.9%,5.6,4.8,0.849,2.6,1.6,4.2,38.5%,41.3%,13%,15.1%,11%,41.1%
278,Kean University Cougars,27,2.3%,2,1.7,0.849,0.7,0.6,1.3,48.6%,50%,22.6%,13.2%,11.3%,43.4%
279,Alvernia,25,3.7%,2.9,2.5,0.849,1.3,0.8,2.1,38.5%,42.3%,16.4%,13.7%,13.7%,39.7%
280,Simpson (IA) Storm,26,7.1%,5.7,4.8,0.85,2.6,1.7,4.3,40.2%,42.4%,12.9%,12.9%,9.5%,40.8%
281,Louisiana College Wildcats,26,4.6%,4.1,3.5,0.85,1.6,1.2,2.8,43.2%,45.9%,15.9%,16.8%,13.1%,43.9%
282,Keystone,24,6.2%,5.6,4.8,0.851,2.2,1.8,4,45.3%,47.4%,15.7%,16.4%,11.9%,42.5%
283,Marietta Pioneers,28,8%,6.6,5.6,0.853,3,2.1,5.1,42%,46.2%,13.6%,10.9%,10.3%,40.2%
284,Eastern Connecticut State University Warriors,18,7.4%,6.1,5.2,0.853,2.1,1.8,3.9,47.1%,50.7%,23.9%,13.8%,8.3%,41.3%
285,Washington (MD)  Shoremen,26,3.8%,3.2,2.7,0.854,1.2,1,2.3,45.8%,47.5%,15.9%,17.1%,14.6%,42.7%
286,Muskingum,25,3.8%,3.3,2.8,0.855,1.6,1,2.6,38.5%,43.1%,12%,14.5%,12%,39.8%
287,Oberlin College Yeomen,26,6.4%,5.1,4.3,0.856,2.2,1.5,3.7,41.1%,43.7%,14.4%,18.9%,15.2%,41.7%
288,Medaille Mavericks,30,7.9%,7,6,0.856,3,2.1,5.2,41.3%,45.2%,14.4%,13.4%,7.2%,40.7%
289,McMurry,28,5.1%,4.5,3.8,0.856,2,1.2,3.3,37.4%,40.1%,10.4%,20.8%,17.6%,43.2%
290,Pitt Greensburg Bobcats,23,4%,3.3,2.9,0.857,1.3,0.9,2.1,40.8%,46.9%,20.8%,18.2%,11.7%,40.3%
291,Ozarks (AR) Eagles,27,4.8%,4.1,3.6,0.857,1.8,1.1,2.9,38%,39.9%,11.6%,20.5%,14.3%,44.6%
292,Geneva Golden Tornadoes,27,3.5%,2.9,2.4,0.857,1,0.9,1.9,47.1%,50%,19.5%,15.6%,13%,44.2%
293,Concordia (TX) Tornadoes,27,5.7%,5.4,4.7,0.857,2.2,1.3,3.5,37.9%,40.5%,16.3%,21.8%,17.7%,42.2%
294,Virginia Wesleyan Marlins,25,7.5%,6.2,5.3,0.858,2.7,1.8,4.5,40.7%,45.1%,15.5%,16.1%,13.5%,40.6%
295,Nichols,29,7%,6.1,5.2,0.859,2.3,2,4.3,46%,50%,18.6%,13.6%,10.7%,41.2%
296,Iowa Wesleyan Tigers,19,5.3%,4.9,4.2,0.86,2.2,1.5,3.6,40.6%,44.9%,14%,15.1%,11.8%,41.9%
297,Wooster Fighting Scots,28,5.2%,4.1,3.5,0.861,1.9,1.4,3.2,42.2%,45.6%,13.9%,11.3%,8.7%,40%
298,Elmhurst College Blue Jays,25,5.5%,4.3,3.7,0.861,1.8,1.3,3.1,41%,42.3%,11.1%,20.4%,14.8%,43.5%
299,Coe College Kohawks,26,7.1%,5.5,4.8,0.861,2.6,1.9,4.5,41.9%,46.2%,12.5%,7.6%,5.6%,40.3%
300,Emory University Eagles,29,7.2%,6,5.2,0.863,2.5,1.9,4.4,43%,44.5%,15.4%,15.4%,11.4%,41.7%
301,Curry,24,3.7%,3.3,2.9,0.863,1.4,1,2.4,41.4%,44%,13.8%,15%,10%,42.5%
302,St. Lawrence Saints,25,1%,0.9,0.8,0.864,0.4,0.4,0.8,45%,47.5%,9.1%,0%,0%,40.9%
303,Manhattanville College Valiant,25,6.7%,5.6,4.8,0.864,2.1,1.9,4,47.5%,50%,20%,10.7%,9.3%,40.7%
304,Marymount (VA) Saints,25,5.3%,4.2,3.6,0.865,1.6,1.2,2.8,44.3%,46.4%,16.3%,15.4%,14.4%,42.3%
305,Wisconsin-(Eau Claire) Blugold,25,5.3%,3.9,3.4,0.866,1.8,1.2,2.9,39.7%,42.5%,12.4%,14.4%,12.4%,42.3%
306,St. Joseph's (Brooklyn) Bears,8,4.2%,3.8,3.3,0.867,1.1,0.9,2,43.8%,50%,20%,26.7%,20%,50%
307,North Park Vikings,26,3.4%,2.7,2.3,0.87,1,0.9,1.8,47.9%,50%,17.4%,15.9%,10.1%,42%
308,Crown College (MN),27,5.1%,4.3,3.7,0.87,1.9,1.6,3.4,45.7%,47.8%,13%,11.3%,11.3%,41.7%
309,DePauw University Tigers,26,5.1%,3.9,3.4,0.871,1.7,1.3,3,44.3%,47.5%,14.9%,11.9%,10.9%,40.6%
310,Texas Lutheran Bulldogs,27,6.1%,4.9,4.3,0.872,2.3,1.6,3.9,41.3%,44.2%,12%,12%,9.8%,40.6%
311,Salve Regina Seahawks,26,5.1%,4.2,3.7,0.872,1.7,1.2,2.9,41.3%,45.3%,15.6%,16.5%,13.8%,42.2%
312,Widener,27,5.6%,4.7,4.1,0.873,1.9,1.5,3.4,44.6%,48.4%,15.9%,16.7%,12.7%,38.9%
313,St. Mary's (MD) Seahawks,26,5.1%,4.2,3.7,0.873,1.6,1.4,3,46.8%,47.5%,16.4%,13.6%,9.1%,44.5%
314,Rutgers-Newark Scarlet Raiders,22,6.1%,5,4.4,0.873,2.2,1.3,3.5,36.8%,40.1%,14.5%,24.5%,21.8%,40%
315,William Peace,27,3.4%,3,2.6,0.875,1.4,1,2.4,42.2%,49.2%,12.5%,8.8%,5%,38.8%
316,Defiance Yellow Jackets,26,5.3%,4.3,3.8,0.876,1.9,1.5,3.4,44.9%,47.2%,14.2%,11.5%,9.7%,40.7%
317,Sewanee Tigers,25,5.9%,4.9,4.3,0.877,2,1.8,3.8,47.4%,48.9%,13.1%,10.7%,9%,45.1%
318,Texas-(Tyler) Patriots,28,5.6%,5.1,4.5,0.88,2.1,1.6,3.8,43.4%,47.2%,13.4%,13.4%,11.3%,43%
319,Susquehanna University Crusaders,24,3.9%,3.1,2.8,0.88,1.1,1,2.1,48%,50%,18.7%,18.7%,13.3%,44%
320,Lynchburg Hornets,28,5.3%,4.8,4.2,0.88,1.9,1.4,3.3,42.9%,47.3%,17.3%,16.5%,14.3%,42.1%
321,Wisconsin-(Stout) Blue Devils,25,3.6%,2.7,2.4,0.881,1.1,0.8,1.9,41.7%,46.9%,16.4%,11.9%,9%,41.8%
322,Illinois College Blue Boys,22,4.2%,3.5,3,0.882,1.4,1.1,2.5,44.4%,48.1%,11.8%,17.1%,13.2%,46.1%
323,Houghton College Highlanders,20,5%,4.3,3.8,0.882,1.9,1.4,3.3,43.1%,47.7%,12.9%,14.1%,9.4%,41.2%
324,Gettysburg College Bullets,25,2.6%,2,1.8,0.882,1,0.8,1.8,45.5%,46.6%,7.8%,5.9%,3.9%,43.1%
325,Wittenberg,30,5.1%,4,3.5,0.883,1.8,1.4,3.1,43.6%,48.9%,15.8%,10.8%,10%,39.2%
326,Olivet Comets,29,3.3%,3,2.6,0.884,1.1,0.8,1.9,40%,40.9%,14%,24.4%,16.3%,46.5%
327,Whittier College Poets,23,5.4%,4.9,4.3,0.885,1.8,1.7,3.5,47.5%,49.4%,17.7%,14.2%,8%,43.4%
328,Saint Vincent Bearcats,26,5.5%,4.3,3.8,0.885,1.6,1.3,2.9,44.7%,44.7%,15%,22.1%,15.9%,46.9%
329,Bluffton,26,5.9%,4.4,3.9,0.886,1.8,1.5,3.3,45.9%,50%,14.9%,11.4%,11.4%,43%
330,Baldwin Wallace,27,9.8%,7.8,6.9,0.886,4,2.7,6.7,40.7%,43.1%,5.2%,10.9%,10%,43.1%
331,Averett University Cougars,26,5%,4.4,3.9,0.886,1.6,1.3,2.9,44%,46%,18.4%,18.4%,13.2%,43.9%
332,Southwestern University (TX) Pirates,27,5.2%,4.6,4.1,0.887,2,1.6,3.6,43.9%,47.4%,12.1%,13.7%,10.5%,41.9%
333,Haverford Fords,24,3.1%,2.6,2.3,0.887,1,0.7,1.7,42.5%,42.5%,14.5%,25.8%,19.4%,45.2%
334,Fredonia State Blue Devils,24,6%,4.9,4.3,0.889,2.2,1.8,4,44.2%,47.4%,12%,9.4%,4.3%,41.9%
335,John Jay Bloodhounds,25,6%,5.2,4.6,0.891,2.3,1.6,3.9,40.8%,43.4%,8.5%,18.6%,14%,46.5%
336,Manchester Spartans,25,5.5%,4.4,4,0.892,1.7,1.4,3.1,44.2%,45.5%,14.4%,18.9%,13.5%,45.9%
337,William Paterson Pioneers,29,5.3%,4.5,4,0.893,1.6,1.5,3.1,48.4%,51.1%,21.4%,12.2%,10.7%,42.7%
338,Kenyon Lords,25,4.8%,3.8,3.4,0.894,1.6,1.2,2.8,43.7%,47.9%,11.7%,14.9%,12.8%,43.6%
339,Bard College,25,3.6%,3.1,2.8,0.896,1.2,1.1,2.2,48.2%,48.2%,16.9%,13%,7.8%,44.2%
340,Mary Hardin-Baylor Crusaders,25,5.7%,5.2,4.7,0.9,2.2,1.6,3.8,42.1%,45.3%,10.8%,20%,17.7%,43.8%
341,Blackburn Beavers,28,5.6%,5.1,4.6,0.902,2.2,1.8,3.9,44.5%,47.7%,13.3%,11.2%,7%,43.4%
342,Ursinus Bears,27,4.2%,3.4,3.1,0.903,1.4,0.9,2.4,39.1%,41.4%,9.7%,23.7%,19.4%,47.3%
343,Shenandoah University Hornets,28,2.9%,2.6,2.4,0.904,1.2,0.9,2.1,43.1%,44%,11%,16.4%,13.7%,43.8%
344,Wilmington (OH) Quakers,25,8.5%,7.6,6.9,0.905,2.4,2.6,5,51.6%,54.4%,20.5%,16.8%,11.1%,45.8%
345,Oneonta State Red Dragons,29,7.1%,5.8,5.3,0.905,2.5,1.7,4.2,40.7%,46.7%,13.6%,16%,10.7%,42.6%
346,Albion Britons,25,4.8%,3.8,3.4,0.905,1.1,1.3,2.4,53.3%,58.3%,24.2%,15.8%,11.6%,43.2%
347,Pfeiffer University Falcons,24,1.3%,1.3,1.2,0.906,0.5,0.5,1,50%,52.1%,18.8%,12.5%,9.4%,43.8%
348,Huntingdon Hawks,24,4.6%,4.1,3.8,0.909,1.4,1.3,2.8,48.5%,52.3%,19.2%,16.2%,13.1%,45.5%
349,Mount St. Joseph Lions,26,5.3%,3.9,3.5,0.911,1.9,1.4,3.3,43%,45.9%,6.9%,10.9%,9.9%,42.6%
350,Moravian,26,6.4%,5.6,5.1,0.911,2.2,1.9,4.1,46.7%,48.6%,11%,19.2%,16.4%,47.3%
351,Edgewood College (WI) Eagles,28,7.5%,6,5.5,0.911,2.6,2.1,4.7,44.3%,46.9%,10.7%,14.3%,14.3%,44.6%
352,Clarks Summit University Defenders,26,3.6%,3,2.8,0.911,1.2,1.1,2.3,46.7%,48.3%,13.9%,20.3%,19%,41.8%
353,Westfield State Owls,8,4.9%,4.3,3.9,0.912,1.5,1.8,3.3,53.8%,53.8%,17.6%,11.8%,8.8%,47.1%
354,Puget Sound Loggers,26,3.9%,4,3.6,0.913,1.6,1.3,3,45.5%,49.4%,17.5%,12.6%,9.7%,41.7%
355,Alfred Saxons,26,6.9%,5.8,5.3,0.914,2.3,1.9,4.2,45.4%,48.1%,13.8%,17.8%,10.5%,45.4%
356,SUNY Canton Kangaroos,22,2.6%,2.3,2.1,0.92,0.7,0.8,1.5,54.5%,59.1%,22%,14%,8%,44%
357,Hobart College Statesmen,26,5.1%,4.3,4,0.92,1.7,1.4,3.1,44.4%,49.4%,13.4%,16.1%,8%,44.6%
358,Ohio Northern Polar Bears,29,5.6%,4.8,4.4,0.921,2.2,1.5,3.7,40.7%,45.4%,10.8%,12.9%,8.6%,43.2%
359,Keuka,11,7.3%,5.8,5.4,0.922,2.3,1.8,4.1,44.4%,47.8%,10.9%,23.4%,20.3%,46.9%
360,Otterbein,24,5.5%,4.5,4.2,0.926,2.3,1.6,3.9,41.9%,46.8%,7.4%,8.3%,7.4%,41.7%
361,Loras Duhawks,26,6.7%,5.7,5.3,0.926,2.3,2,4.3,46%,49.1%,13.4%,14.8%,10.7%,43%
362,LeTourneau Yellow Jackets,31,8.1%,7.4,6.8,0.926,3,2.4,5.4,43.7%,48.8%,13.1%,17%,15.3%,43.2%
363,St. Norbert Green Knights,16,7.4%,5.2,4.8,0.928,2.1,1.9,4.1,47.7%,53.1%,16.9%,7.2%,6%,42.2%
364,Illinois Wesleyan Titans,27,7.2%,5.7,5.3,0.928,2.3,2,4.2,46.5%,50.9%,13.1%,13.7%,8.5%,45.8%
365,Wisconsin Lutheran Warriors,25,5.2%,4.5,4.2,0.929,1.8,1.5,3.3,44.6%,47.6%,12.5%,16.1%,8.9%,45.5%
366,Skidmore Thoroughbreds,26,5.4%,4.3,4,0.929,1.7,1.2,2.9,41.3%,48%,15.2%,22.3%,16.1%,43.8%
367,Gallaudet University Bison,23,2.1%,1.8,1.7,0.929,0.7,0.6,1.3,48.3%,56.9%,19%,11.9%,9.5%,42.9%
368,Johnson & Wales Denver Wildcats,21,4.8%,4.1,3.8,0.93,1.5,1.4,2.9,48.3%,53.3%,14%,17.4%,17.4%,45.3%
369,Becker,7,5.1%,4.3,4,0.933,1.7,1.6,3.3,47.8%,52.2%,10%,13.3%,3.3%,46.7%
370,SUNY Cortland Dragons,24,6.3%,5,4.7,0.934,2.4,1.9,4.3,44.1%,49%,9.9%,9.1%,7.4%,42.1%
371,Schreiner Mountaineers,30,7.3%,6.2,5.8,0.935,2.5,2,4.5,44.4%,48.1%,13.5%,15.7%,13.5%,44.9%
372,Lewis & Clark Pioneers,26,6.4%,5.4,5.1,0.936,2.3,1.9,4.2,45.5%,45.9%,11.3%,17.7%,16.3%,45.4%
373,Dubuque,26,5.3%,4.3,4.1,0.938,1.6,1.2,2.8,41.7%,45.1%,10.6%,30.1%,21.2%,49.6%
374,Wheelock,7,5.6%,5,4.7,0.943,1.9,1.3,3.1,40.9%,40.9%,8.6%,31.4%,25.7%,51.4%
375,Bryn Athyn College,15,2.6%,2.3,2.2,0.943,0.7,0.8,1.5,52.2%,52.2%,14.3%,22.9%,22.9%,51.4%
376,Oglethorpe Stormy Petrels,27,4%,3.3,3.1,0.944,1.5,1.1,2.6,43.7%,47.9%,10.1%,13.5%,13.5%,44.9%
377,Kings (PA),24,5.1%,4.6,4.4,0.946,1.5,1.6,3.1,52.7%,55.4%,18.9%,18%,11.7%,46.8%
378,Valley Forge Christian College Patriots,6,3.8%,3.2,3,0.947,0.8,1.2,2,58.3%,62.5%,26.3%,10.5%,5.3%,47.4%
379,Redlands Bulldogs,23,3.7%,3.3,3.1,0.947,1.3,0.9,2.2,42%,46%,14.5%,22.4%,15.8%,46.1%
380,Elizabethtown College,23,4%,3.3,3.1,0.947,1.2,1.2,2.4,50%,50.9%,11.8%,17.1%,14.5%,48.7%
381,Centenary Gentlemen,25,4.6%,3.8,3.6,0.948,1.2,1,2.3,45.6%,49.1%,17.7%,26%,14.6%,47.9%
382,PennState-Altoona,26,6.4%,6.1,5.8,0.949,2.2,2.1,4.3,48.6%,51.8%,16.5%,15.8%,12%,46.2%
383,Pomona-Pitzer Saghens,21,3.8%,3,2.8,0.952,1.1,1.1,2.3,50%,50%,9.7%,19.4%,14.5%,50%
384,Kalamazoo College Hornets,25,5.2%,4.3,4.1,0.953,1.5,1.3,2.8,46.4%,51.4%,13.1%,23.4%,14%,45.8%
385,Hartwick,25,4%,3.5,3.3,0.954,1.4,1.2,2.6,47%,50%,10.3%,14.9%,6.9%,46%
386,Capital,26,6.5%,5.1,4.8,0.955,2.3,1.8,4,43.8%,48.1%,9.8%,11.4%,7.6%,45.5%
387,Northwestern (MN),27,4.6%,3.5,3.3,0.957,1.5,1.3,2.7,45.9%,50.7%,14.9%,10.6%,9.6%,42.6%
388,Concordia (Chicago) Cougars,25,3%,2.8,2.6,0.957,1.2,1.1,2.3,47.4%,50%,11.6%,11.6%,10.1%,44.9%
389,Frostburg State Bobcats,27,4%,3.6,3.4,0.958,1.5,1.3,2.8,46.1%,48%,9.4%,16.7%,13.5%,46.9%
390,Emory & Henry Wasps,29,5%,4.1,3.9,0.958,1.6,1.5,3.1,49.4%,53.9%,15.1%,12.6%,11.8%,47.1%
391,Maine Presque Isle Owls,21,5.4%,4.7,4.5,0.959,1.7,1.8,3.5,50.7%,52.7%,14.3%,13.3%,10.2%,46.9%
392,Alma Scots,26,3.8%,3.3,3.2,0.965,1.2,1.1,2.3,46.7%,51.7%,16.5%,15.3%,12.9%,44.7%
393,La Verne Leopards,26,5.4%,4.6,4.5,0.967,1.7,1.8,3.5,50.5%,51.1%,13.3%,11.7%,10%,48.3%
394,St. Joseph's (LI) Eagles,9,4.4%,3.6,3.4,0.969,1.4,1,2.4,40.9%,45.5%,9.4%,21.9%,21.9%,50%
395,Rivier,10,3.5%,3.2,3.1,0.969,1.1,1.1,2.2,50%,54.5%,18.8%,12.5%,9.4%,46.9%
396,Austin College Roos,24,3.9%,3.7,3.6,0.977,1.2,1.3,2.4,51.7%,54.3%,15.9%,22.7%,18.2%,48.9%
397,Mount Union Raiders,26,6.8%,5.5,5.4,0.979,2,1.8,3.8,47%,52%,16%,17.4%,13.2%,46.5%
398,City College of New York (CCNY) Beavers,20,4.9%,4.2,4.1,0.988,1.7,1.7,3.3,50%,52.3%,8.4%,15.7%,12%,48.2%
399,Wabash College Little Giants,26,5.1%,4,4,0.99,1.8,1.5,3.3,44.7%,48.8%,6.7%,15.2%,14.3%,46.7%
400,Saint John's (MN) Johnnies,27,4.9%,3.7,3.7,0.99,1.7,1.3,2.9,43%,46.2%,7.9%,17.8%,12.9%,46.5%
401,SUNY Old Westbury Panthers,10,1.8%,1.6,1.6,1,0.3,0.4,0.7,57.1%,64.3%,31.3%,25%,25%,50%
402,Pratt Institute Cannoneers,2,2.1%,2,2,1,1,1,2,50%,50%,0%,0%,0%,50%
403,PennState-Berks,12,4.6%,4.3,4.3,1,1.6,1.3,2.9,45.7%,48.6%,9.8%,25.5%,19.6%,52.9%
404,Norwich,13,3.9%,3.3,3.3,1,0.9,1.4,2.3,60%,60%,18.6%,14%,9.3%,51.2%
405,Maranatha Baptist,10,3.9%,3.5,3.5,1,1.4,1.2,2.6,46.2%,55.8%,17.1%,11.4%,8.6%,42.9%
406,Lyndon State Hornets,7,4.3%,4.3,4.3,1,1.3,1.6,2.9,55%,62.5%,20%,13.3%,10%,46.7%
407,Coast Guard Academy Bears,23,5.1%,4.3,4.3,1,1.9,1.6,3.5,45.7%,50.6%,10%,13%,13%,46%
408,Central (IA),28,4.4%,3.8,3.8,1,1.5,1.1,2.6,43.2%,45.9%,13.1%,21.5%,17.8%,47.7%
409,Carnegie Mellon Tartans,25,3.2%,2.6,2.6,1,1.1,1,2,47.1%,49%,9.1%,16.7%,13.6%,48.5%
410,Berkeley (NY) Knights,1,4.2%,4,4,1,1,1,2,50%,50%,25%,25%,25%,50%
411,Berkeley (NJ) Knights,1,1.1%,1,1,1,0,0,0,-,-,0%,100%,100%,100%
412,North Central (MN) Rams,26,4.2%,3.7,3.7,1.011,1.4,1.4,2.8,50%,54.9%,11.6%,13.7%,11.6%,49.5%
413,George Fox Bruins,26,3.9%,3.6,3.6,1.011,1.3,1.2,2.5,47.7%,49.2%,9.7%,22.6%,14%,51.6%
414,College of New Jersey Lions,27,6.2%,5.2,5.3,1.014,1.8,1.9,3.7,51.5%,56.1%,17.1%,17.1%,14.3%,47.9%
415,SUNY Purchase Panthers,12,5.8%,4.8,4.8,1.018,1.8,1.8,3.7,50%,55.7%,14%,12.3%,8.8%,47.4%
416,Worcester State Lancers,9,4.3%,3.8,3.9,1.029,1.2,1.3,2.6,52.2%,54.3%,14.7%,20.6%,14.7%,52.9%
417,Bowdoin Polar Bears,24,4.5%,3.6,3.8,1.034,1.4,1.5,2.9,51.4%,55.7%,12.6%,10.3%,6.9%,48.3%
418,Macalester College Scots,24,1.4%,1.3,1.4,1.062,0.5,0.5,1,52%,52%,9.4%,21.9%,18.8%,53.1%
419,New England Nor easters,26,1.7%,1.8,1.9,1.064,0.7,0.6,1.3,47.1%,48.5%,8.5%,23.4%,23.4%,53.2%
420,Martin Luther College Knights,24,5.8%,4.9,5.3,1.068,1.8,2,3.8,52.7%,55.5%,11.9%,17.8%,17.8%,50.8%
421,Hood,25,1.1%,1,1,1.083,0.4,0.3,0.7,47.1%,55.9%,12.5%,16.7%,8.3%,50%
422,Bates College Bobcats,22,3.3%,3,3.2,1.092,0.9,1.3,2.2,58.3%,60.4%,15.4%,13.8%,13.8%,50.8%
423,Maine Maritime Academy Mariners,8,4.6%,4,4.4,1.094,1.3,1.6,2.9,56.5%,63%,18.8%,12.5%,12.5%,50%
424,Goucher Gophers,25,2%,1.7,1.8,1.095,0.5,0.6,1.1,57.1%,62.5%,14.3%,19%,9.5%,54.8%
425,Knox,17,3.6%,2.9,3.2,1.1,0.9,1.2,2.2,56.8%,62.2%,18%,10%,6%,50%
426,Johnson State,4,4.8%,4.8,5.3,1.105,2,2,4,50%,56.3%,10.5%,10.5%,10.5%,47.4%
427,Newbury,5,1.7%,1.8,2,1.111,0.6,0.6,1.2,50%,58.3%,11.1%,22.2%,22.2%,55.6%
428,New Rochelle Blue Angels,7,3.6%,3.6,4,1.12,1.1,1,2.1,46.7%,46.7%,8%,36%,28%,56%
429,Cal Lutheran Kingsmen,21,4.4%,3.8,4.2,1.127,1.5,1.7,3.2,53.7%,58.2%,7.6%,8.9%,6.3%,51.9%
430,Rhode Island College Anchormen,20,4.4%,3.7,4.2,1.137,1.4,1.5,2.9,52.6%,57.9%,9.6%,16.4%,12.3%,52.1%
431,Concordia (Moorhead) Cobbers,24,3.8%,3,3.8,1.268,0.9,1.3,2.2,59.6%,61.5%,7%,25.4%,19.7%,62%
432,Grinnell,6,0.2%,0.2,0.3,2,0,0.2,0.2,100%,100%,0%,0%,0%,100%
